Year,Model-based Death Rate
2003,8.3791928775
2004,8.8898030695
2005,9.5616836435
2006,10.76851165
2007,11.3186105
2008,11.55746288
2009,11.809159135000002
2010,12.167670995
2011,12.997857765
2012,12.809173065
2013,13.405409745
2014,14.09239278
2015,15.516933354999999
2016,17.671334700000003
2017,19.00268515
